time,speed,steer_angle,accel,distance_to_obj,rel_speed,brake,weather,road_type,risk
0.0,54.96714153011233,4.630887737658207,2.7987108731720043,9.43395558378748,-20.708761520684995,64.85048201186882,0,0,0
0.2,48.61735698828815,9.547083202350652,1.8492673658255376,52.29755066433693,-16.26767468909805,26.74020278575413,1,2,0
0.4,56.47688538100692,-6.992837869095706,0.11926073984034825,20.689938487788286,-16.939250063990556,1.5110684214475034,0,1,0
0.6,65.23029856408026,2.8148461834528544,-1.2938735554111478,2.405675623901074,-3.5705690523629325,96.50153694544719,0,1,0
0.8,47.658466252766644,-3.2532128456091347,1.3964466272271798,1.8100507822517282,12.325149994850918,25.089304569110247,1,1,0
1.0,47.6586304305082,-2.4356269188234805,0.7869707708434992,12.204705250807647,17.313001461926323,67.60262880525475,2,2,0
1.2,65.79212815507391,-2.9619696211943456,1.7903864400554645,46.099145681910244,1.3805110144075714,70.66298698787095,0,1,0
1.4,57.67434729152909,-4.31995384839908,1.270343603363939,36.89728152062352,0.00844474944456941,61.00074170794857,2,0,0
1.6,45.30525614065048,0.24260813972413497,2.0991054306386703,46.62221989420793,-23.01057734152739,31.290739421364822,1,0,0
1.8,55.42560043585965,-4.154750582055189,-1.070470423121136,21.848874996455642,-10.426737997340219,27.109625376406576,2,1,0
2.0,45.365823071875376,1.352284128899194,2.6347881312686514,17.405217356937097,-12.877837519082389,59.76682827027031,2,1,0
2.2,45.34270246429743,-0.2511905472456848,0.3951992093847993,4.785791526806485,-11.20847598251116,86.60956336116915,2,2,0
2.4,52.41962271566034,-1.1947402343320488,4.150521745250531,11.933514459970958,-6.681438185847896,94.67337289233956,2,2,0
2.61,30.86719755342202,-4.53781831020799,-1.3783756361791357,17.075862516576993,-9.720905776971273,10.590580440375764,2,2,0
2.81,32.75082167486967,-2.8838566528416636,3.4719276063304987,2.783216148076852,-24.792998103757878,15.482861259771985,0,1,1
3.01,44.37712470759027,3.77695612912878,0.3958215669252956,7.47738665941839,2.4791025611753383,94.47362587830797,0,2,0
3.21,39.87168879665576,2.5045859381219038,-1.3028360072288967,27.355913413762828,-15.727430257398066,73.65352283347926,0,2,0
3.41,53.142473325952736,-4.887776223992756,-0.9677716681086431,39.91592720729103,-2.6075313588885045,88.29938248297731,1,0,0
3.61,40.91975924478789,0.4966615271461294,-0.6406946163886403,100.0,15.740826697499735,20.263263413534315,2,2,0
3.81,35.87696298664709,3.756935616858945,0.8483318928038328,81.14266813212947,-14.193845915864234,58.758587110940184,0,0,0
4.01,64.65648768921554,-8.347026405606858,1.0456709760709992,30.864069294086175,-30.302875227463296,70.11395944174737,1,0,0
4.21,47.74223699513465,2.716800961899675,-1.147400007877158,16.406439298457933,-7.860042218801109,68.01118854469726,0,2,0
4.41,50.67528204687924,-3.3131187947292333,-0.04870918452196568,30.33266387339563,6.00959634998571,40.81516908666981,0,0,0
4.61,35.75251813786544,2.8529933429657968,4.284540717223727,46.20457904229278,14.583474542205938,1.5394891691308477,2,1,0
4.81,44.556172754748175,-3.8162957827125843,3.4550863402014227,3.7783339345810205,-17.29549594452417,58.29260568042631,1,1,0
5.01,51.10922589709866,-9.024410503322596,0.8726473393480642,15.824146535091867,-0.03300776763478286,25.310153917960875,2,2,0
5.21,38.490064225776976,-8.137712189415813,0.07600695633640057,54.940395355140915,-9.653104567800533,45.02542461428904,2,1,0
5.41,53.75698018345672,0.24042473330690997,0.2400626534365226,14.527115108547395,-6.059483543041356,95.75810150838173,0,0,0
5.61,43.99361310081195,1.2986125086074094,1.2270359454608333,25.450010886301353,21.443433470170348,39.903531764243475,2,1,0
5.81,47.083062502067236,-4.521583125522043,-2.045585130396811,26.58516847595217,-20.029703283951534,83.98016066644267,1,2,0
6.01,43.98293387770603,3.1929622938868696,-0.5147530748466902,6.117742138510528,-2.4626033850542655,18.854060574925114,2,2,0
6.21,68.52278184508938,-8.3076003113448,-3.337168147755179,13.493582836467914,-0.32306828234566787,67.24604980250288,2,0,0
6.41,49.86502775262066,-0.33039899323658284,0.7984462452105585,12.217008122659049,5.857863249393471,97.70069544389435,2,2,0
6.61,39.422890710440996,-6.055080998812283,1.294391879405482,1.0,-4.020168465291046,10.189310087293679,0,1,0
6.81,58.225449121031886,-3.2591805390107957,-0.966372924598748,1.0,-1.9194946049589765,0.8319942227192012,1,2,0
7.01,37.791563500289776,0.23699335658207007,3.1479735265800657,53.459688364174184,-8.916485674217911,43.35827926326144,0,0,0
7.21,52.08863595004755,-4.302066826419762,-2.4515313260046825,9.567786192901051,-2.3087305875489266,9.26254830513672,0,2,0
7.41,30.403298761202244,-1.9227777211491268,-2.9287497604196404,21.89923781155562,-8.431922754974105,74.83843496762313,0,1,0
7.62,36.71813951101569,5.031464046072203,0.4489036371199441,10.64567970239679,1.2157188985605085,91.45486638485589,0,0,0
7.82,51.96861235869123,-2.884459347615744,2.094196605224309,84.74388108475569,-8.69610336043634,43.402097270875885,0,1,0
8.02,57.38466579995411,4.178460560325709,3.3678553829157374,9.004656546017829,-1.2289960609781354,25.871164215544095,1,0,0
8.22,51.7136828118997,-5.6485342732880905,-0.91776852573788,16.84551049255771,-5.292628136849784,43.44033190066098,2,2,0
8.42,48.843517176117594,2.649020889576414,2.1573616668625912,61.84339299346779,6.260502507721682,72.3447817850001,0,0,0
8.62,46.98896304410711,7.207843103289502,-0.07701693900141442,55.34219612946385,-5.513937235884862,0.9054161580370979,0,0,0
8.82,35.214780096325725,-12.358222500636447,-0.34525459988163926,6.1775853807168595,-22.730324682068815,58.945398948469716,1,2,0
9.02,42.801557916052914,-3.984476277352384,1.7673198749733448,48.682277317463814,7.619215007139918,61.329168488737906,1,1,0
9.22,45.393612290402125,2.8853606359027,1.3046457568268393,18.385024394473646,-14.05732300862619,63.76882468959355,2,2,0
9.42,60.57122226218915,-1.0152269302149635,-3.152784313968499,19.789565926613776,-11.537663386488198,24.202207998087722,1,0,1
9.62,53.43618289568462,1.8557293668565442,2.9530806994517915,4.2981017069370795,-10.95661294043492,71.40527233781268,2,2,0
9.82,32.36959844637266,-3.0199259335791027,2.760182708294903,2.521069262199701,8.744380931708173,9.13914863317764,0,0,0
10.02,53.24083969394795,0.4329489373644996,-1.2511254030190588,39.05190304354317,-26.356742139786956,19.92703364668008,0,2,0
10.22,46.149177195836835,-0.7783861769603974,0.7916070668748181,20.582832437905502,26.37748533659994,87.74700466544819,2,2,0
10.42,43.23077999694041,5.838910308299036,0.9880603725654776,17.22631512423394,5.560568090660517,73.87231507265663,1,1,0
10.62,56.11676288840868,1.2721042165060656,0.5213475316478142,39.22540803945114,-2.7676108587084034,1.3745554011345251,2,0,0
10.82,60.30999522495951,1.6880133103760109,-1.1006103076908402,43.51064096902156,-5.548940006162864,24.83762603698002,1,1,0
11.02,59.31280119116199,-2.059384830612337,-1.343246735876103,5.191632922811984,-2.144459251423431,21.440648299316457,0,0,0
11.22,41.607824767773614,-2.4380311203624676,-0.051108141982890556,28.26558038750541,0.2112242837933831,27.080632803697256,1,2,0
11.42,46.907876241487855,-2.1627909390981044,2.3454580385187294,4.363055985836242,1.4521558595005697,24.755977027988642,2,0,0
11.62,53.31263431403564,1.9722607118914843,1.0872003091888647,41.754296634820484,0.5560446600344848,6.252629574284574,2,1,0
11.82,59.75545127122359,-2.104922404101315,-0.7412286641722119,32.09682301847832,-4.104193187447512,45.894051659682034,0,1,0
12.02,45.2082576215471,1.4488742844820646,1.5433974212966894,94.12898357880974,-6.973384203073261,73.27334747861651,1,1,0
12.22,48.14341023336183,10.377003993227195,-5.697085241260151,2.1435272252559683,-6.5127328365351165,60.67317247174364,1,0,0
12.42,38.93665025993972,4.355623517158461,2.297531400744207,1.762410804745124,-6.94908280352681,67.28716685980798,1,1,0
12.63,38.037933759193294,-1.6301176608392056,-3.4794275575561993,9.94638880784592,6.337700968670646,8.114917853623915,0,1,0
12.83,58.125258223941984,6.006069610819724,-0.7248818828062643,9.102381940691496,0.9355672228086185,95.14907101767872,1,1,0
13.03,63.56240028570823,-2.040376865107757,-2.2393397892522877,8.509856888871818,-34.40388634664281,83.84918338430248,2,2,0
13.23,49.27989878419666,-10.19062267588927,-2.5893629514418115,71.01517422648928,1.5590077652976095,80.50903184956627,1,2,0
13.43,60.03532897892024,-5.040431554587021,2.321653574757039,8.6123156569082,-3.0526380528122514,82.29838050417675,0,0,0
13.63,53.61636025047634,-9.353959605129278,-0.9354024026237827,9.521555269625843,-5.187087564458974,93.27105081327613,1,0,0
13.83,43.54880245394876,-1.7575674202065432,0.6930077634614316,42.73836760791483,-8.885184530888859,54.42539661136977,1,1,0
14.03,53.61395605508414,0.09209189594775849,-0.09384115775836814,17.92092296595171,6.241127199860134,20.02820178676259,2,2,0
14.23,65.38036566465969,8.382186561376413,0.9540816544462429,44.97859194775379,4.475264621228579,61.678360785254114,1,1,0
14.43,49.64173960890049,1.6346368688208133,0.15364378212051072,2.028013162857755,-12.728776678236091,74.2881493667939,2,1,0
14.63,65.64643655814007,-1.0955026440443212,-2.5659844483771392,20.057804763112102,-0.929477128754649,73.79173933540254,2,2,0
14.83,23.802548959102555,4.1470279059174455,1.99253363889428,1.0257457481384948,-14.71656734541286,52.14490241668801,0,2,0
15.03,58.21902504375224,-11.055676545039425,-0.987513166322625,1.9410585453189575,-18.796181647889306,6.845871933357806,2,2,1
15.23,50.870470682381715,1.1780727905428297,-3.113163797319502,71.07375354436452,-11.267172245899651,37.11129384301278,2,0,0
15.43,47.009926495341325,3.854325969434834,-0.856230321931825,4.498373971393351,3.6239347238275883,92.07666084633573,0,0,0
15.63,50.91760776535502,-7.392931228899208,3.0015195812686217,22.805588431866298,4.531250453760867,58.4448909757426,2,1,0
15.83,30.124310853991073,5.718770216034645,1.7004434842269858,15.88474265755684,0.1308542009729301,53.83319432557134,0,0,0
16.03,47.80328112162488,1.6924820374720706,-0.6973042688157184,12.801121667836096,2.250957868479971,26.885351438219352,1,2,0
16.23,53.57112571511746,-2.0764395695040063,-0.6985154086368576,69.0275981102648,0.16178287114958412,36.84489199165789,0,2,0
16.43,64.77894044741517,3.1639093305314243,-0.6432701024347652,1.0,-11.414815952229523,89.53460891531692,2,0,0
16.63,44.81729781726352,11.353464289021979,4.153495967121682,32.70055142498069,-0.6807745532605933,66.64630475268358,0,1,0
16.83,41.91506397106812,0.9093312752924758,0.7638709044631067,99.22664938405102,3.004095252276823,78.73870267523328,2,1,0
17.03,44.982429564154636,1.2411029315016804,0.8600832943821393,24.640885808425562,2.5429132981357423,45.434542306765515,1,0,0
17.23,59.15402117702074,-2.2968044977012205,2.0605669080636844,82.85419358757358,6.889133714746428,63.024721945615795,0,1,0
17.43,53.287511096596845,-4.249221847323959,0.47757831805302703,1.6101851488747216,2.083038472010638,24.838360874320752,1,1,0
17.64,44.70239796232961,4.151679082721228,-0.5180842916414062,16.279465568918884,-1.4855179245841708,70.54608302834863,2,1,0
17.84,55.13267433113356,-4.280419129544336,-0.39269969816995653,9.039550396520662,5.701502383164275,42.76013337033373,2,2,0
18.04,50.9707754934804,0.35783118609696235,-0.1432025188281279,39.371356892194214,-5.265212592490601,44.25455148147456,1,2,0
18.24,59.68644990532889,-2.3882872338255834,-0.07444447301968318,100.0,-13.818746512277178,64.93223245768817,0,0,0
18.44,42.979469061226474,2.3948991287319594,1.4552590872739597,8.892808427509543,-6.630669639437639,93.62806214689266,0,2,0
18.64,46.723378534022316,1.6683105264347415,0.10389177161459887,31.85463779490095,-12.44902644806449,6.400634660862092,2,1,0
18.84,46.078918468678424,5.187699721289496,1.4652801544311584,6.6230524540283895,-11.751782749743816,82.47432373470076,1,2,0
19.04,35.364850518678814,-2.550081994273735,-0.16143316021716464,24.99506226443875,-6.4451867071551785,29.238311041219312,1,0,0
19.24,52.96120277064576,-1.3493746764668564,0.15727038063218118,18.704855045169655,-12.924199209999614,44.391945450637785,0,2,0
19.44,52.610552721798896,-4.893818578911537,-3.9964013690642153,100.0,-8.079615296390402,2.1913328775008956,0,1,0
19.64,50.05113456642461,-2.221466300380558,1.8326553494049629,28.135182841132,-23.936146669537855,30.1046077834313,0,1,0
19.84,47.65412866624853,1.886502465224261,0.6929769517959854,12.900713302587318,-2.867062926270614,50.26312426301305,1,0,0
20.04,35.84629257949586,3.7849430832267594,1.9960202197193044,3.634393307268605,-4.987945246377758,5.617607734743901,0,2,0
20.24,45.79354677234641,-4.610826620888127,-5.792510756387379,4.919605911643089,-13.170886310681906,49.10957293831652,0,2,0
20.44,46.572854834732304,4.348029600528301,4.176749409561455,7.659038254226469,1.5924566843240502,92.71106288584274,2,2,0
20.64,41.97722730778381,6.778189294024754,-0.2791792563103475,8.669153566841095,4.375701376265583,10.539321810780521,0,1,0
20.84,48.387142883339905,2.0671745161185044,2.216365633475033,57.03706482789331,-21.07559864368974,76.44407280755044,0,0,0
21.04,54.040508568145384,9.38397906279033,-2.0798118542510617,24.712904553503837,-12.627247785662142,40.967105337599264,1,2,0
21.24,68.8618590121053,-3.868945995517865,1.2255478101251394,22.231759343563304,-12.691423497872982,65.5173714524338,1,1,0
21.44,51.74577812831839,-6.223273516557085,-2.1068311263473123,3.6571951902389372,-14.399031011088647,26.023659798522935,2,1,1
21.64,52.57550390722764,-8.893601244521394,-1.2475379213916102,59.01333492465262,3.294748419317484,15.949226254135828,0,1,0
21.84,49.25554084233833,7.480221557445915,3.8280627077335723,38.49202835621582,-6.938261387728035,16.046261427122644,2,2,0
22.04,30.812287847009586,3.2718282817702886,-0.38136480152669316,2.102000781585489,-7.645148413106107,7.049194564314465,1,2,0
22.24,49.73486124550783,-0.27792335455227535,0.43486574635944575,36.913107018073624,-25.038623644067535,18.564670490124303,2,2,0
22.44,50.60230209941027,1.3998431315991013,1.7401354613775084,23.527509018521517,1.3541803020922636,66.42193849889682,1,2,0
22.65,74.63242112485287,-5.627445236491883,0.9913637759452093,2.557762364090048,-17.392583948534725,88.16906118435081,2,2,0
22.85,48.076390352188774,12.228759898084132,0.30083781028715284,18.391323618201074,-4.4006736973367175,81.41256855911618,2,2,0
23.05,53.015473423336125,0.6461059098761375,0.7299220049324509,19.88996455244805,-2.2262306204180833,68.51343098744842,0,2,0
23.25,49.65288230294757,0.5469739730244645,4.80683117047655,5.437547328654493,8.60658595838651,11.043186341110268,2,2,0
23.45,38.31321962380468,3.6288331194934598,-0.11523759406717078,87.39590782198488,-18.088203991191122,28.918744629594983,0,2,0
23.65,61.42822814515021,2.4050461586835663,0.402198093429935,56.908674247040544,-35.19512155820826,30.980687532246897,0,1,0
23.85,57.519330326867745,1.119420121395657,2.101308792015224,33.17113170780654,-3.161504552463051,24.99569463976212,0,2,0
24.05,57.910319470430466,-3.9523722772265595,2.2110518659159677,18.61338719006657,13.005111815108535,51.50056597097231,0,0,0
24.25,40.906125452052606,2.3573417856799788,2.3740606111207603,15.918890152705321,7.389463529394373,53.55538148796726,2,1,0
24.45,64.02794310936099,9.410122482375169,1.2774604440583692,31.578220029421754,-2.903405847253742,35.68859751711102,1,2,0
24.65,35.98148937207719,6.727100230774888,-2.286009825460967,23.652224229113774,-9.916361856320474,35.3789158736436,1,0,0
24.85,55.868570938002705,7.965933133196986,3.266863064602192,1.9288959008137967,3.0712259663731025,82.85555979060814,1,2,0
25.05,71.90455625809979,-2.556078382155926,-2.292690786037376,21.55411265802106,-14.735461997044686,78.92928483196856,2,0,0
25.25,40.09463674869312,-4.948024101292904,0.6052709304780665,49.25939365104397,-0.2364223064378077,30.779583168074566,0,0,0
25.45,44.33702270397228,-0.6289346004982408,-1.5085517000387159,18.4433848539669,0.054701591666268534,91.37884438732593,1,0,0
25.65,50.99651365087641,0.27862456144347303,-0.12827669318598509,1.60064920525348,5.602099074988798,95.2815017002506,2,0,0
25.85,44.96524345883801,5.470957592354742,0.6575248206069608,46.292403204337106,22.596600389110776,32.67425420300408,0,1,0
26.05,34.493365689338674,-8.462323148574097,0.6427144309005461,6.74549201057622,-1.0758403282123297,35.442494879305485,1,1,0
26.25,50.68562974806027,7.647751597303069,0.8438415084705695,8.977292722451107,-10.089636257074988,50.56341534219588,0,0,0
26.45,39.37696286273895,-0.7900394928949471,3.227422538117294,5.399158302522049,-5.255743121919944,94.11208125336735,1,2,0
26.65,54.73592430635182,-2.1344053497371003,0.9070686030279597,12.023958314151427,-22.69075904889118,87.63194331423115,1,0,0
26.85,40.80575765766197,-5.060521876300838,-0.48831327058129737,42.41015243449549,-11.947131310890581,10.25679625835898,1,1,0
27.05,65.4993440501754,-8.274283359328846,1.9281743365767146,21.980716005721288,-9.09282438113104,39.27307432714162,0,2,0
27.25,42.16746707663763,4.115852919809573,2.378940977849281,6.877915043612653,-10.240883979345925,55.33711897497719,2,1,0
27.45,46.77938483794324,0.36658983594201944,-2.455215630273985,63.07027203796463,-3.47645127966278,50.313247255154,0,1,0
27.66,58.135172173696695,-6.449804498705269,1.194800139699716,63.50355153239503,-13.224199323822006,19.38630679368927,1,2,0
27.86,37.69135683566045,-6.47539386031808,1.4023454846217966,61.3404054030731,6.210306673244714,85.88167711681547,0,0,0
28.06,52.27459934604129,-1.6789234964506412,-0.5951270067199839,8.185624992207623,-4.997929350818029,67.69407829968374,2,0,0
28.26,63.07142754282428,8.345107626446964,2.751413626623239,18.00278689296879,-5.0930032113861445,83.79083748518036,0,0,0
28.46,33.92516765438772,-1.297956756818024,-0.30011117406505344,100.0,-8.278947165129178,85.87642793494722,2,0,0
28.66,51.84633858532304,-7.5157147655905305,0.2511529069430845,44.35393116548336,-3.448093161410209,74.83558536657398,2,2,0
28.86,52.598827942484235,-1.2287153204297216,-0.3461436485677392,1.0,3.2509826466763467,43.92106012497173,0,2,0
29.06,57.8182287177731,-1.3636178487383523,0.03115809516293507,2.022827634573315,-13.671302157109004,61.054675501542455,1,2,0
29.26,37.63049289121918,-13.484433214707858,-2.1925501737904036,18.704792933131888,-11.581164890752566,16.036540611974313,2,1,1
29.46,36.795433869157236,-0.27147433258906106,-2.8801017651885887,71.97955648961043,-8.037260287766646,67.36454174749078,0,2,0
29.66,55.21941565616898,-1.1546726510433898,3.1890101264499444,23.211317580117615,-18.458709234732147,17.925325573928074,2,0,0
29.86,52.96984673233186,3.4810318240670917,-1.6939226966366556,20.663452171466762,-13.192578597214977,69.39495905101568,1,1,0
30.06,52.504928503458764,9.244780474726726,-1.9827846989126143,3.343829235498133,-9.76220873544659,22.959816075396866,0,0,0
30.26,53.46448209496975,5.632825147738787,-4.30678022720743,32.08151829392887,3.743891807127275,11.755130015021997,0,0,0
30.46,43.19975278421509,-1.344443452774153,-1.2779234953790044,51.796543518905985,-2.37438670998075,16.52844901429574,0,2,0
30.66,52.322536971610035,-5.532629543708351,-2.6461795868149967,14.361403859015526,-3.0641008863245567,0.1992135219070268,1,2,0
30.86,52.93072473298681,12.866799016249303,3.284030320272738,44.83133755015115,3.508979621679721,71.87396178535302,2,0,0
31.06,42.85648581973632,0.29609217007244126,2.0196341786852683,100.0,-6.373717883993967,73.24010490583791,0,0,0
31.26,68.65774511144757,0.06964645956473102,-1.3763006903554476,6.835882293402393,-1.095351500711104,51.493334991325945,2,1,0
31.46,54.73832920911788,-0.12062543555001638,4.5048716106886175,22.227902331064072,-6.032217529324962,16.13628010553837,2,2,0
31.66,38.08696502797351,0.9904238038392748,1.9635309739831885,10.154021006671616,-2.3463765060037156,8.355433751068976,1,1,0
31.86,56.5655360863383,-0.7218020596197123,-0.6496627670172449,47.230003296524224,-10.82758657611582,1.912896643728701,0,1,0
32.06,40.253183297726785,-2.8683100344011816,-4.998811429747146,25.853605228189345,-29.38817158276429,16.57481769652207,2,1,0
32.26,57.87084603742452,-2.7342947062019607,4.5818851451814835,30.20143553499828,-6.342791621863041,89.08555349831467,0,0,0
32.46,61.58595579007404,-0.16376635107999193,-2.779144933527192,47.97188158353199,9.227481360999402,24.153684170168177,0,1,0
32.67,41.7931768164829,-2.7171238556688246,-3.2907974939137836,15.123965877653411,4.262154022415924,35.42713272172156,1,1,0
32.87,59.63376129244322,-3.564228913385822,2.0451408640192805,73.98492637838896,4.653974845911707,10.534548448133318,0,0,0
33.07,54.12780926936498,0.5321511384594841,4.879504812678546,22.844635123661437,7.361307218062178,22.236130474817028,0,2,0
33.27,58.2206015999449,-1.2748860871042764,2.7685456370210364,5.157648347679551,-4.113424090385625,51.922457078020514,2,2,0
33.47,68.96792982653947,7.519964942913443,1.1278182401047192,35.71187353489164,-3.0268429259440444,60.775268309565256,1,1,0
33.67,47.54611883997129,-13.254849041965059,1.189508683330572,47.28899537771864,-11.176518954343502,24.535231416621105,0,0,0
33.87,42.4626383564251,5.457534259612309,1.7068311175606155,11.42734634387131,-8.160728560270497,5.773215922511721,2,2,0
34.07,41.10485570374477,6.2304259624881455,1.5178571795735303,58.38494941540087,1.157711497711416,39.10328691273987,1,1,0
34.27,41.841897150345616,-10.366951162040747,0.5623828479387516,70.979569380935,7.038844371688162,23.420337092633414,1,1,0
34.47,49.228982905858956,-1.7134379704017437,0.20840220790375213,9.726418787113932,-6.394462756809995,21.955392322980195,2,0,0
34.67,53.41151974816644,-1.8572043299789573,-0.12518625579904483,100.0,-9.501892648514115,95.98628027134552,2,1,0
34.87,52.766907993300194,-7.037558473589106,-1.5079291777333526,4.549517711415166,-4.994720411434027,61.63004859257241,2,2,0
35.07,58.27183249036024,-3.8890834379543766,-0.5613501537335481,6.769989489440274,1.012067489291148,55.68784431720959,2,0,0
35.27,50.13001891877907,-5.552879227329144,-3.385913628390771,6.108495008027152,-19.43854816133542,41.57751035233219,2,2,0
35.47,64.53534077157317,8.761352217118114,-0.19667925358949978,67.32657342552397,-27.96180953137238,42.89443334301443,0,2,0
35.67,47.35343166762044,4.678391965737306,-1.977182214301835,31.8648716560411,-10.505368494915835,54.090500383808084,0,2,0
35.87,77.20169166589619,6.3577754749707935,-2.207178634431542,4.949928787509114,-17.207124259141587,69.64298070361072,1,1,0
36.07,56.25667347765006,3.6083603202161756,0.3597883023069569,17.41188584669616,-10.08140197647311,70.21460961818295,0,1,0
36.27,41.42842443583717,-5.645258856086146,2.7840045726891987,28.658590066438855,-6.477803188174716,17.169390770544958,0,2,0
36.47,39.29107501938888,-2.6226013313988683,1.836633212004626,2.6146207600097204,-9.532484090230135,50.0112752076627,0,2,0
36.67,54.824724152431855,2.44687280613959,-3.141001207246354,64.2181632102682,9.524675344707454,41.195809503410196,2,0,0
36.87,47.76537214674149,-6.110639044459727,-1.979256273140675,48.82859653360824,-1.7325523539767995,87.05269662693841,1,0,0
37.07,57.14000494092092,3.5649921508619404,1.8815423759764318,21.108459842455083,-1.9952564038917164,63.14189212183764,1,1,0
37.27,54.73237624573545,-1.2016269907906751,-1.9649747870766192,100.0,1.2220714404340196,53.25040664159818,1,1,0
37.47,49.271710873431275,-1.8741040377479876,-0.4492662999940492,16.226226810881844,-16.388331177807693,11.539464217891737,1,0,1
37.68,41.532062819315954,3.5547998410174575,1.1001041980491038,100.0,5.391117874202687,60.56378893234115,0,2,0
37.88,34.851527753141355,2.2213165574301987,-1.9366889097272706,33.07138114904067,-5.757642865354599,11.720390568023342,0,1,0
38.08,45.53485047932979,-1.8048308290953996,0.2107510122919198,30.208731284805626,1.704806172412125,33.720657556575205,2,2,0
38.28,58.56398794323472,5.79664901682124,-2.668050989836409,5.444033871199043,-15.718572330401555,14.284196481433186,1,0,1
38.48,52.14093744130204,-5.405316637999487,-1.2027352879024273,64.09375872264167,-20.537587660160643,69.20736470243689,0,1,0
38.68,37.542612212880115,3.0796780347213186,0.6395638682850739,16.73173594050676,3.178896580250287,20.62521138361526,0,1,0
38.88,51.73180925851182,2.965506289841919,-3.1859874670633386,5.310472334480532,-1.2359047390248339,39.1859373188026,2,0,0
39.08,53.85317379728837,-1.5477321965699513,0.880949475920798,1.0,-14.020515543575105,89.56747776187787,2,1,0
39.28,41.16142563798867,1.6306651112105899,-0.03927559785336243,24.61276325141627,-13.696630812746944,20.431638339897027,2,0,0
39.48,51.53725105945528,-6.255567881926515,1.1049799088342955,22.485153439755095,6.254347844147695,50.780506395877914,0,1,0
39.68,50.58208718446,4.620135096034505,0.44782826812932286,38.11979534241282,-16.89411892867328,41.9271661166022,0,0,0
39.88,38.57029702169377,-0.9245106822149451,2.7282808599476884,66.28870817206284,11.426729532559634,1.8124041045729733,2,1,0
40.08,53.577873603482836,-2.6136151025951975,0.25044900529581454,2.4821040054164847,-14.006207346478687,79.27581135728128,1,2,0
40.28,55.60784526368234,5.245046129184447,-0.858811082250506,39.44673881281778,1.3839192560838303,6.904590631459973,2,2,0
40.48,60.830512431752766,-3.521718452713796,0.24459500606456755,6.225929824658075,-8.286184757489846,47.42550209769536,2,2,0
40.68,60.53802052034903,-7.042306481817798,1.0865960580727758,58.595275577056746,1.0318743108234312,56.06782949389499,2,1,0
40.88,36.22330632042909,-7.783145867619519,0.09772014065140866,51.288276438330136,-10.441140021141926,62.842645661458704,2,1,0
41.08,40.62174960084877,3.0300497567281983,0.08118338240776476,23.347675028973015,-6.627929060722942,68.86316293078755,0,2,0
41.28,55.1503526720866,-6.402146762481415,-1.4039833756135107,37.16135829936188,-4.590808246042789,25.327238352271507,1,2,0
41.48,55.13785950912209,8.773970909921823,-1.3258018351018963,11.321644518341895,-15.021874557814726,0.9978776658449373,2,0,1
41.68,55.150476863060476,-10.40964703941861,-2.805210543599387,19.11252860368385,2.4082434542012585,72.3443662354912,1,0,0
41.88,88.52731490654722,8.482281841450192,3.4991534863738787,51.71801717876888,-10.132135664715852,53.56565993475786,1,0,0
42.08,55.70890510693167,1.0550873360130921,-2.48772647078257,18.444789552722476,-7.285999153400185,83.61177032072487,1,2,0
42.28,61.35565640180599,-0.48356555935196194,-1.3858103955918146,13.285583885596688,-14.943493746085123,82.13883629006943,2,2,0
42.48,59.54001763493203,-2.7245954340447485,-1.4368145311383949,20.449156622545928,-30.623336587953105,84.33261677878832,0,2,0
42.69,56.51391251305798,1.9956805717603543,1.7898487538888825,52.851329858022716,-6.91027762600169,48.50946599795402,2,0,0
42.89,46.84730755359654,-0.18817351212424183,-0.5898993565840556,12.24843421393001,19.12615421612916,33.362839583686565,1,1,0
43.09,57.589692204932675,5.516509410082607,2.4954841453474677,5.726157568238868,2.8460428789802386,79.155820259137,1,2,0
43.29,42.27174785462428,0.5711382433101982,-1.346981248487737,37.34530445205851,-5.1926037973439465,45.12941130292549,0,1,0
43.49,47.63181393259991,0.751508807309388,0.5579883244476039,52.45724319854694,-7.628908292082677,18.34421964034345,2,1,0
43.69,45.14636452170897,-1.8180610610692793,-1.6706941065195147,3.182072282942652,-4.775341071879536,85.49740195614743,1,1,0
43.89,50.81874139386323,-0.2847281186053373,4.290298255546777,8.22813654924406,0.4711911517520999,88.25598767723473,0,0,0
44.09,73.14658566673509,1.5390088444602958,-2.3751968380590256,4.593556021825054,-16.808128153088447,46.63097561401701,1,1,0
44.29,31.32734807408252,-8.550841963283128,0.619641420454055,12.828625846681685,6.143216946688721,7.569972730978747,0,2,0
44.49,56.86260190374514,-6.740927110528565,1.267553761864197,17.954260437606365,2.1538131544124406,38.782608991693124,0,0,0
44.69,33.87284128810349,3.716320470113575,0.8275981949029965,41.44832083451468,2.1818572570793453,80.35376594626034,2,2,0
44.89,45.280681342105666,0.8543271906397093,-0.3705753177554166,31.593189766065045,-0.615242611902727,90.17740285462287,1,2,0
45.09,60.889505969673664,-0.9199166817633957,-0.25964139946685233,29.10091846046793,-4.803833423060101,20.347274249759582,2,0,0
45.29,50.64280019095463,0.0921696653269658,0.0876229439582192,13.03330114220913,1.7286123596681993,6.697361202527152,1,2,0
45.49,39.22255222070694,1.7379085268083552,-0.29400400325697723,55.25009535102925,0.9181413374137808,87.73504531328386,2,2,0
45.69,42.84696290740032,-2.6987984015468074,1.9277582335898193,19.119295321317782,-8.540407109410237,38.94049389788753,1,0,0
45.89,56.79597748934676,-3.8915236270115634,4.421046003182703,100.0,-10.73601772896901,54.176096426756324,2,2,0
46.09,42.69633368282864,0.9792262754884078,-1.1149835700156672,30.16531131029318,-3.9814370473801333,96.80658120507589,0,1,0
46.29,52.16458589581975,-4.89186388807516,-2.7396059591581556,4.049335715430757,10.490201514951874,6.656472791422285,1,2,0
46.49,50.45571839903814,2.0412637785723593,-0.17656409670250964,33.826798335322664,-17.39107075653901,64.83180074520956,1,1,0
46.69,43.483996523941826,-8.512918021189202,5.159418675308637,11.795900907588306,-19.6752526575244,7.410542257486707,0,2,1
46.89,71.43944089325325,5.145778186628219,-1.6073491359394616,34.78214592074659,-3.3523915876348327,37.54689284665004,2,0,0
47.09,56.33919022318011,2.3629874120652152,3.278233610888135,2.16554715208633,-4.491122981439819,80.38145451934467,1,0,0
47.29,29.74857413342393,1.2801486715693784,3.3554016281528813,5.7668457137736455,-3.266583356295918,43.34722327556344,1,2,0
47.49,51.86454314769428,4.913454919727569,-1.1071764834159892,58.08357153054391,-2.5604680209149975,99.71823539029504,2,0,0
47.7,43.38213535231612,8.327372222312883,1.1379661583705507,7.7312562992035465,-7.232022546348051,55.905928494660216,0,2,0
47.9,58.52433334796224,5.071850325090653,3.256793246257076,54.42772236338496,9.898634386020822,32.11621526359535,2,0,0
48.1,42.07479261567299,-9.204371156658226,-0.7582554819749742,9.82497418136242,-21.009039784765157,22.011132590475313,2,1,1
48.3,48.85263558533101,-6.397884833678508,-0.40716072020472355,30.890663032507046,-13.28497024780246,35.05205342861618,2,2,0
48.5,55.049872789804574,-3.124092888478394,-1.1633618278972875,35.53987105288916,-6.032547601490474,37.25332737595508,1,1,0
48.7,58.657551941701215,0.13045525105416894,-2.0295134613857337,21.563474438656485,-21.431888111541674,6.8713677723960975,0,1,0
48.9,37.997035929442234,2.588295102345615,-1.2985550901320142,10.928716505669463,-6.758544044320711,36.95741994267732,0,2,0
49.1,46.654987641590516,-3.628719065767328,-2.447880533524513,7.172257804940574,11.614701657280182,46.423851973922496,2,1,0
49.3,45.25054688839044,0.9338338223853916,0.06816693651845214,1.0125785763168216,-4.791135117040382,72.27377522388046,1,2,0
49.5,43.46670767426288,-3.7769146617666127,-1.5399464621172836,10.869858357036279,-2.6929909428131653,65.6729484721608,2,1,0
49.7,67.65454240281096,-3.057589014959741,0.4675718235814954,31.766992382766603,-17.601647651725802,70.87656552291543,1,2,0
49.9,54.049817109609556,-7.033305484241112,-3.1117912924072546,83.56648337728122,-11.163614080394774,0.8363681876857099,1,2,0
50.1,37.391160456649544,-4.616166230554521,0.6617604644289141,61.48587798289198,-8.75196380323937,21.766739958053606,1,0,0
50.3,59.17861947054776,-6.758423028081668,1.6670579232178493,43.58133074242134,-8.17715096756234,66.16842883998565,1,2,0
50.5,71.22156197012633,-4.879366264886664,-3.987471285142911,46.59844030241104,7.816437950037686,48.398936817974715,0,2,0
50.7,60.32465260551147,5.268208983039198,0.7481131396951443,32.80739051765019,0.5769106072512455,0.5313475668345946,1,1,0
50.9,34.80630034045987,-4.746994444159715,2.4553379849465844,9.044784398918106,-16.11457956937032,80.44946424318223,1,2,0
51.1,45.15765927133749,13.161910324186954,-2.419282037382411,71.31765276585271,-2.5349522156799513,77.28095732903374,2,0,0
51.3,62.669111491866225,2.466589504404446,3.3451447736754067,33.326526522602066,-0.017782515032148893,54.841916299356264,2,1,0
51.5,42.92330534381219,0.9241806184743695,0.8380380187320904,24.659474636591412,6.401490385212664,6.646332577627212,0,1,0
51.7,54.43819428146229,-4.2917889009060675,-1.4100237115168177,3.5293859365279396,10.805406865683736,76.65150495325847,2,0,0
51.9,57.74634053429337,3.5015493970449567,-0.11153815531541202,17.774931701518113,-15.150941918278686,58.37135877313639,1,1,0
52.1,40.730695284219166,-2.8781891311888694,1.1166538250434448,18.505494744089866,-13.108575112103383,78.19599771579591,2,1,0
52.3,49.404746439382,0.6100490732268072,0.152010782824823,59.977595755708926,-17.57577858914616,75.17469923958404,0,1,0
52.51,17.58732659930927,12.800422691343973,1.0775119848927384,23.73260696957293,-7.3401985910698135,80.30020719578371,2,1,0
52.71,39.756123586657104,-0.4802994986232494,-1.8413471861587325,14.360461693427355,-0.3364162555366548,51.80080664046248,2,0,0
52.91,47.4743184860684,5.746366631428379,0.338721648072156,100.0,4.873345165891019,14.032451819351499,0,0,0
53.11,37.52216818035151,-3.515882125629437,-2.8274289938099604,3.520313988802755,-5.7595102364252275,67.11574733796887,0,1,0
53.31,66.32411303931636,-0.1749424524848085,-0.22245212269740064,16.47392095954005,-8.19847523254844,62.04737850519706,1,1,0
53.51,35.69858622039367,8.85400317817755,-1.8078152829295795,1.2879977492064423,-3.482420077512596,74.22531871990871,2,0,0
53.71,45.599555133030165,-3.134835288938837,-1.4710598851795331,40.401148489894375,-13.35142901630023,16.98810060507353,1,0,0
53.91,51.30740577286091,9.062242789984644,2.4721863504208748,75.05910093491633,15.895387216947732,19.497519990028923,2,0,0
54.11,64.41273289066116,3.538759677277377,2.182620241188538,9.85667744742058,-21.076610271180588,89.04095172193284,2,1,0
54.31,35.6413784882056,-2.812333879471338,1.218276241814354,58.63011886538489,-3.1525942110427554,74.99777984520708,1,1,0
54.51,61.63163752154959,3.1620386952776047,-2.184625529345158,10.368584037548981,15.236062192296394,90.82284887003229,2,2,0
54.71,50.10233061019587,4.862772248133649,-0.6328168993896038,72.49619353841912,-4.932001554400022,75.87153211639207,2,0,0
54.91,40.18491348952049,3.109049811085982,2.4261953999583667,42.068066748365084,-6.900390350014945,59.71553059903019,2,1,0
55.11,54.62103474263271,-7.851123599452282,0.2834338272798095,49.02833301529316,-8.574454228104273,65.41327370278736,0,0,0
55.31,51.9905969557347,-3.6356858791243427,4.638659079963388,1.0,-6.803916817624078,88.91279239400099,1,1,0
55.51,43.99783122841205,-1.2375931777575238,0.7866356787887437,98.75174917309191,8.728484746765302,57.88067545119405,0,0,0
55.71,50.69802084990019,-0.37216714550023144,0.3840982329800632,38.91237156494049,-27.11861911329507,63.239132432838744,1,1,0
55.91,46.1468640313824,3.10336048775339,-0.6182329284050028,10.904560841931689,10.334337012963255,15.647671600360058,1,2,0
56.11,51.13517345251248,0.8885050046662691,0.2670818095645646,53.052071148147235,-19.23957152450145,47.39212201161027,2,2,0
56.31,56.62130674521047,-6.676721793550506,-0.3049396727610878,9.918572328219573,-7.666523292344148,71.6397111958099,1,0,0
56.51,65.86016816145352,1.900989255029816,1.416217353377181,61.84895392243249,-9.29244420298662,27.09426983163654,0,1,0
56.71,37.62184501173151,3.0529287264191156,1.9134046335891681,3.5831202744328268,0.8855326977071973,20.22541805245349,0,1,0
56.91,71.33033374656267,2.798952239655199,-1.571978921015899,36.4900650013256,-20.981243518837474,31.382680822441557,0,0,0
57.11,30.479122004774982,5.403903627773109,-2.662465907115556,23.34145112901766,-0.3782733391805717,24.150062799283344,1,1,0
57.31,48.482149049644164,4.16961077274452,-3.672410746206593,3.045519645795286,15.243096232868524,21.491263703639586,0,0,0
57.52,55.883172064845766,2.2959003961421836,1.0159826538250873,8.307955046649042,-18.631740045928105,42.48508428680869,1,1,0
57.72,52.809918677350325,-0.35082855729323514,-2.206733212347747,1.0,-3.1029383238960433,90.78385138835341,0,0,0
57.92,43.77300480179406,-8.304804667579957,-4.305781185904966,18.976691299808458,-11.619821777966092,50.705964673871826,0,1,0
58.12,47.918777496427246,2.148091095662929,0.7771572090619282,10.754522845115833,-0.7411279380696421,18.792038081532304,1,0,0
58.32,45.06999065341167,1.0384384358155558,4.985999034865581,27.36578551246716,-4.80852222584248,7.697166938087408,0,1,0
58.52,44.106352430557884,1.3578941859768672,-0.012141823079786647,10.5821015983571,-11.414869090443096,69.61561451379252,2,2,0
58.72,58.496020970210246,-6.383742879101547,1.6769815489032838,10.696781868740223,-0.12127715128926031,38.279876443638784,1,1,0
58.92,53.57015485965047,-5.405282702041312,0.16365871709513002,40.782936684810785,13.043481097867431,82.18309465853592,1,0,0
59.12,43.070904047393455,5.265764266664518,-0.19777930638228533,1.4802087971986608,-6.909037917272987,65.95107686407702,1,2,0
59.32,58.995998754332504,-0.1977757692832752,1.8381529659755371,69.95887086573536,2.1975794214818194,79.62414505413685,2,1,0
59.52,53.072995208766095,3.407503486863122,-0.5805490883773027,57.36982594842229,-17.932729578711637,27.194603941844875,1,2,0
59.72,58.1286211883896,0.14159188065230585,0.5347846281438059,33.06096538540236,-14.564363768180087,69.2358922461058,0,1,0
59.92,56.29628841923612,0.14878069747872594,0.6433956123920272,26.984599202290205,-0.27593722119622655,26.406198469371876,0,2,0
60.12,41.710049890779274,4.691419029879988,-1.3361809072860975,66.85286671329168,9.84116028535965,93.90684794502916,0,0,0
60.32,44.39818959803031,-2.5802236410868695,1.9840846990730456,6.149171282519664,-1.4438665121434004,63.63742815333744,1,1,0
60.52,57.472936051232615,0.48060388470491683,-0.3499195133908173,2.4678528097230723,-8.130580305231543,32.451180017534206,0,1,0
60.72,56.10370265433465,-2.311376443525212,-1.5114903189856894,8.213776201029567,-5.007085945766459,26.951186229227265,1,0,0
60.92,49.79098406035852,-2.172481137161578,1.073019687140807,47.480707075882016,-17.504077339697176,19.09265850716435,0,2,0
61.12,51.17327383308782,-1.5458606173431968,-1.7969359635820745,1.058566304859795,1.0451532635536678,69.46409588937279,2,0,0
61.32,62.77664895788425,1.1106688581685642,0.056362314738256494,26.226178176587013,3.8233306232340922,21.87156129979273,2,0,0
61.52,44.0842861116417,-2.393743108317387,-0.018237993288407087,100.0,-9.520903328330803,59.53032659274891,2,2,0
61.72,55.470973811700375,6.278780627867604,2.171791131663156,58.07501231507307,-9.700421477595015,26.463502692535734,2,0,0
61.92,47.97807347566106,-4.473036511097519,0.9493964657599056,22.109567160264533,-2.341217703479515,66.19689447938686,1,1,0
62.12,47.8231879677278,-0.9343582208067952,-0.050053917490287834,1.9726869645759453,-9.367197360405955,81.49397285405392,0,1,0
62.32,60.9877685198719,-2.1986552913708746,1.6355325984005742,53.40207462980218,-5.661326146258224,77.80252431446532,2,1,0
62.53,58.2541634898803,7.234889421768664,2.7804150980346267,27.412207726311163,15.997217891665155,76.08513309307817,1,0,0
62.73,58.135096360006386,0.9827738825578731,1.1156206127037245,3.6627578190845185,-7.470257007459967,18.772240569225207,2,1,0
62.93,63.05478807154329,5.159222697343174,0.020705239686761214,2.956753892233845,-8.583401520212222,8.838494698451871,2,1,0
63.13,50.21003841632759,-7.427801865184859,-2.623672464700319,72.11423192353017,-11.475418056351591,69.89488284873856,1,1,0
63.33,56.81952971294964,1.3352513293462942,-2.130227326150745,33.187263320641534,2.4419197149993677,36.83472137943513,1,1,0
63.53,46.89733243406544,4.448153978117185,-0.6104494087093353,53.03310958567214,-6.81224173218103,43.23462264033473,0,1,0
63.73,53.24166352488442,0.4114199463771209,-1.2190244043185663,63.35371112264824,-11.49373038321426,3.1149092793391064,0,1,0
63.93,48.698569456323156,5.327401875326756,-0.373942605970892,25.443010111947604,8.213040322730121,25.95764492750492,2,0,0
64.13,50.96995964992718,-2.586442250501861,0.11329984979421433,21.859895289347364,9.196030045136371,3.3676403874464023,2,1,0
64.33,55.95157025436914,7.0467372009278995,1.0593855087134616,16.88607126283723,-11.004235657387051,87.91857726012476,0,1,0
64.53,41.81779316766527,11.49449061809625,-0.14099755611818243,11.435466603401494,-23.66539951360616,24.339668321853047,0,2,1
64.73,70.9238727568546,-1.8141928021982954,0.9730032876524038,17.106440696494015,5.075136898369221,55.73371695730081,1,0,0
64.93,39.93982618500298,-2.227512607003859,0.12894882962024048,44.60063774000178,-11.84629825760004,3.897932066113041,0,0,0
65.13,37.85811387212268,7.266922385588504,-3.9509331327077426,27.633327234513306,2.9062559916276864,66.6847391305658,0,0,0
65.33,61.581108735000676,7.897860728653562,-1.8786707876375086,66.91443316888008,-24.701038177118356,32.30273457540939,2,0,0
65.53,57.91662693962936,-2.6143001357663413,-0.28817511144323094,17.57617571765832,3.9259733829930923,89.79191869576658,0,1,0
65.73,56.24119817052155,-2.1009340854792864,-2.419389485682215,28.025208862958667,-17.111719292807813,88.81181889340358,2,1,0
65.93,56.2834550926428,-1.408923044302536,1.199857459992409,29.933773790727795,2.3076411906652448,32.529061836174776,0,2,0
66.13,49.87753227153085,-6.722252555171385,3.0615016646873947,26.87238391978539,-4.857269321635659,90.09608956904678,1,2,0
66.33,41.02745628514168,-4.593259732420991,2.4375237033946333,36.383724376589335,-14.539394193966448,99.61576734987788,0,0,0
66.53,50.75804558193726,-5.020703833760339,-0.426885741860416,8.131965591498382,-9.070363129267804,82.5415664123948,0,2,0
66.73,43.22838288487888,-3.8389878255206424,2.981452273699904,21.545567907072417,1.8631845695670082,84.4871347755229,0,2,0
66.93,59.75119733417751,-0.1734244369339059,0.2973349144042231,3.3019738043499247,-3.9410554688476576,24.90087361090899,2,0,0
67.13,48.52942618497861,1.1710736626826037,-0.6741719422360787,14.56016212497179,0.844129804724842,57.67023988577563,1,0,0
67.33,41.745028032074885,7.752502464070385,-1.2268053270818795,20.063418260062598,14.764405845154855,6.725591396736785,0,2,0
67.54,46.78614158347007,-4.991770203693955,-0.6049393729762567,31.68592292757865,-20.642416117110514,9.491793682166971,2,1,0
67.74,54.12931454275624,4.9216119923829185,-0.7763536370824575,90.19230393695828,11.172125749686238,99.88926120332906,1,2,0
67.94,44.36275447196025,-1.0699442211275447,0.3408324447509754,27.537591729993007,-3.956440624767871,32.663924942591095,2,2,0
68.14,41.77779604433569,-0.24731854826216476,0.3211479620997292,40.82978479069776,-13.987840483231281,74.81839120488463,2,1,0
68.34,52.436872114919126,3.3740974608330188,0.006092040306828939,21.17275466567032,-18.303136257389898,80.66650530268164,1,1,0
68.54,52.44966571108723,-5.613610107811493,0.8738763394926997,30.16218674152205,-6.891203907770334,85.80232710072292,0,0,0
68.74,44.9305682462887,1.912048730920253,2.3812925495726827,2.2072073548839013,4.216501119244594,99.76282974021565,2,0,0
68.94,45.289616943816775,0.8322610410652804,1.8991082708826474,8.806641716554173,-6.275491203775342,24.149648525686786,2,2,0
69.14,52.32049937357636,2.4622563200407455,-2.969795936899807,13.475602821284715,10.111549302473474,4.035082685969971,0,1,0
69.34,35.51915658502676,1.4458432195390905,-5.10784226980391,19.187814497016262,-19.51175690051559,41.1191517994586,0,0,0
69.54,35.92536225623445,12.276500699554472,1.8686398224785474,1.4017045200702363,-5.120889478460546,13.008066982894695,1,2,0
69.74,42.81555778747564,-3.1886999212565796,-2.733757396830842,4.525527316139916,-17.523934444131193,2.2425889162055124,1,1,1
69.94,47.86552848288153,-2.6549847750090882,-0.4495308037853671,9.722677623100235,-1.3636811737503214,36.04268271414861,1,2,0
70.14,53.10907565598005,-3.115702632123822,-2.340226052118719,100.0,3.8688739009730035,78.37382510752364,0,0,0
70.34,64.75356216949552,-2.7773855958012734,-3.6039608751600394,12.074701459323359,-9.207617936810532,56.61806912250709,2,0,0
70.54,58.576596232020194,-3.1869356365325885,1.082925456409576,19.73577907886253,-31.04213856627134,31.277798921035405,2,1,0
70.74,48.40061470036573,5.9450826555377585,1.5183103206052937,6.54832651336929,-3.0105185320350545,65.43420054927196,1,2,0
70.94,49.80983792097311,7.102521239949274,-1.1530208014534389,28.30832175419748,-0.6326144826649047,23.20181803088107,0,1,0
71.14,39.97470635362191,-2.853731468747381,-5.18208458428982,9.883602837342362,-0.9570524503830233,1.4381446072085025,2,0,0
71.34,49.8148686400761,-4.1617778655211435,-1.0924888965049655,6.957680956477505,7.357821918221541,76.43533864364274,1,0,0
71.54,47.11341361079862,2.3570777819320203,0.783608010805093,21.805625679732618,-15.710536796490489,62.374308486400906,2,2,0
71.74,53.227185603380896,-2.7611152214048564,-2.9578231375482575,1.0,1.8021610545044942,76.23026245009599,2,2,0
71.94,41.727690564476774,3.1646590887775536,0.3667198395583113,1.0,6.925075124779749,3.893801668766561,0,2,0
72.14,55.193465142411725,1.0146151042564986,-0.030619698345991115,7.418047106022918,-22.785875840065167,83.71196278306522,0,1,0
72.34,65.32738913002578,-7.57872057498616,1.1585829992021768,1.1223769751458748,-1.803481740810228,61.95262000363033,2,2,0
72.55,48.91239851543143,7.737526006650308,0.23916073682830652,3.429540574882987,-10.041798310076715,56.33953507126401,1,2,0
72.75,54.01711722098941,8.97938836547761,-1.946137881763111,12.413719302150925,-5.815226731016459,62.46140481145316,0,0,0
72.95,56.90143991711113,-3.063943452421931,2.3931430033289827,48.673518282769386,-1.5232351646166364,86.4433246868364,2,0,0
73.15,45.987795281141636,-1.9385077996799207,-0.31705914605394003,25.462372277739384,-9.872285641135523,58.69365065589071,0,2,0
73.35,52.24092481810417,1.4293269536245248,-0.05460907901986372,21.56427302964188,-11.757080791616119,58.095037988817936,0,2,0
73.55,50.12592400781795,1.672283949935125,-1.866535918146392,10.422487711099423,-4.658475825119754,99.06791570657658,0,0,0
73.75,50.97676098548832,3.2927213633641523,-0.8865645023830206,80.53897030758648,-15.872459388628027,75.6730167068568,2,2,0
73.95,42.26990216144534,10.051022693831747,-1.7696054280538018,15.175890797240049,-15.858251288851854,44.22938054511353,1,1,0
74.15,50.245101742589426,-0.8847361374702469,-0.345892119846846,2.7336303034972675,1.7937328295650339,70.73970000329277,1,1,0
74.35,54.979982912454496,-3.9914862226922687,3.423416960284687,28.796819286298618,-16.48794035158656,38.92304716917885,1,1,0
74.55,64.51143607795042,-6.896596140072636,-2.7438022858627127,3.625678346119887,1.663125009092119,22.8875462483499,0,2,0
74.75,59.59270826085207,-3.6546501997095953,-3.2271227957534823,12.703823322697968,-0.3740870714604885,59.68518768877594,2,0,0
74.95,71.53182457511556,-0.16563486436898547,2.942340654987217,21.242460891592383,-22.258067287905966,92.81820981139515,0,2,0
75.15,42.326524371119504,8.972789317588939,-0.41864735430373223,62.19723006896749,-11.775646523356551,92.91395200154628,1,2,0
75.35,58.723206367206785,-2.588056495180857,-1.3381454773198331,20.40968773967859,6.9410940304737245,34.19052781054903,1,0,0
75.55,51.83342005738352,1.1189397581944924,2.079809374792153,36.34591536277531,-14.811655311396816,52.7677466221695,2,0,0
75.75,71.89802933217672,-0.08211448036376037,-1.2112310794737282,100.0,-9.644042623093878,21.16358985698612,0,0,0
75.95,41.91701714644849,5.94196636724042,3.6520194270938724,4.229254977479447,-0.379391067481035,99.56311094988834,1,1,0
76.15,41.602781578192236,12.634662129368108,1.3558517426785381,9.63640149140705,2.8339050928259546,98.11179078679358,2,2,0
76.35,44.00607354555978,-2.654343864601603,-0.9758228162914053,15.054790945094247,-7.515388860444957,64.95089297074473,0,0,0
76.55,28.76104275690193,-2.4471972125911106,4.314616426531007,16.43652556564392,-10.975101946916416,80.44140596774734,0,2,0
76.75,44.74244978319239,5.22080438534536,-1.2114298460066768,15.880946322188484,9.223698616985077,71.51001612837,1,1,0
76.95,42.40867338446302,3.409457448131557,1.484190744018614,71.45242148135743,12.38899663797579,59.31582190394682,1,1,0
77.15,51.50393786476208,9.233536628680168,0.5985851608129839,37.55632848508276,4.788580507817954,5.3347996988897695,0,0,0
77.35,53.41755975777159,2.9196409266298193,2.603482578797596,28.087550028952577,-4.146818574349759,45.476434255266106,0,0,0
77.56,68.76170839215887,-1.7964604539352977,3.1230223934537054,11.104649694881966,-13.082657216409263,67.47863021674105,1,2,0
77.76,59.5042383818605,2.9532741534615465,0.06400829813153325,52.08242981633134,-13.304444065565653,67.75316138836847,0,0,0
77.96,44.23096344337597,5.543517902914539,-1.506835740692367,93.07315181394469,0.225141052657575,37.31226184223836,1,2,0
78.16,41.01585328651642,4.102410905986821,0.9199442858782328,51.64433432595198,-0.816017791113163,94.16919866580305,0,0,0
78.36,54.919191715065054,2.536370155536489,-1.3554307395042122,1.0,9.015985929464295,16.7357032236781,1,2,0
78.56,36.797667929793576,5.333373447945769,4.026774495053246,30.351140552013636,1.5045009253613912,50.03594462155606,2,2,0
78.76,68.31458765854353,5.846477952228364,0.2730706621654749,1.574674424851337,-20.03080301759818,69.08839765508228,1,2,0
78.96,61.79440120721287,6.910794955187636,-0.7306431026242174,8.93630469667427,5.519476177229185,69.71358058918092,1,2,0
79.16,45.30824347895295,3.2435494379482135,0.3693606117298168,1.8410968074589893,-14.98060627314413,64.86389567688155,2,1,0
79.36,32.868654709091224,-0.8355904015842718,-2.694252579059393,27.774740043863762,-8.839712719523515,27.528821345186017,0,2,0
79.56,63.538723741654124,0.7335684321666142,-1.943228077021303,34.807282963342814,-2.4979979374830554,15.620656868662197,2,0,0
79.76,48.85460154747382,6.0325448325417845,2.4008278158888507,3.6476658437043903,14.956674897839644,63.594032682671084,1,1,0
79.96,62.378163119734616,-4.08467835493618,-1.3137885579427915,14.527403884480814,26.09918556005361,59.930211613943776,0,1,0
80.16,34.05572341205633,1.843366544364506,-2.093821965363879,18.277226573123677,1.0672305913618274,17.935601028924097,2,2,0
80.36,44.00624977046227,-1.9666940616368034,1.0733055050545723,13.816003443562181,-6.831966187203879,70.51391455705634,0,1,0
80.56,50.05243699718183,0.14372411467408744,2.371408309325994,3.869964709923519,0.3450564848055029,45.51719917336564,0,2,0
80.76,50.46980593764742,6.392259313036494,1.4379066213301335,16.287439925516424,3.876554258738361,66.7760591603153,2,0,0
80.96,45.49934528520756,0.9554953400995168,1.9920953716116327,41.73053069184222,-8.206676255571917,83.73670797701507,0,2,0
81.16,56.228499323474985,0.23218274078074405,-1.5135901771389215,2.2096437152170836,12.952113559123223,16.972842857692317,2,1,0
81.36,39.32379570617405,-6.799280704899596,-2.8436213334836875,2.5073188669427937,-2.699292408085979,1.9144867996836679,1,0,0
81.56,48.576205149787064,3.7312678301361037,3.0026673039109735,13.14451316209291,-0.02256910908605736,77.91025863957867,0,2,0
81.76,51.20295631711899,3.227420905705377,-0.6453596776842715,85.27782916583523,1.6592425205446135,60.96974251526159,1,0,0
81.96,55.14438834058749,10.816273616527301,-0.5016660329100947,33.13039916522753,-0.7841338938554436,69.96395696221217,1,0,0
82.16,57.1161487808889,-1.5388911747650043,2.656388283698116,34.05859535099049,3.3894050046961226,83.81549749886426,0,1,0
82.36,38.75357908162131,1.0957516383196948,1.1124600188013198,13.478747918694168,-11.172531865469232,80.28109348245005,2,0,0
82.57,34.65885829264378,1.2469184185537763,0.9117755441632153,27.017009357203385,-10.583017539460306,96.09201469288247,0,1,0
82.77,62.77676821898509,7.887266398817372,4.330004689802168,1.0,-16.001542329716948,53.59350788521182,1,0,0
82.97,53.323140119795916,-0.4764776619347605,-1.287036460760286,30.325959297781274,-0.6049876937977361,48.84956326599054,1,2,0
83.17,42.51513463443446,1.3951076288516961,1.8556802561624743,73.35452578619437,2.7893650351211408,40.18871998907301,2,0,0
83.37,65.51151975522524,3.039482548582696,0.114026249794169,28.4468713167853,-0.42227133848114207,15.369104284420454,0,2,0
83.57,51.156746342928585,0.9330456157817906,0.5371845577265139,62.072523397126304,11.744924333475375,57.26072328820224,1,2,0
83.77,61.792971840638266,-2.2321680727526414,3.0569368528250633,38.61770378721482,-5.055960188290466,27.70125243259788,1,0,0
83.97,50.67518481410109,0.9704499644915379,1.0156715125792475,3.8540441107799115,1.6874165559251262,92.13075122129754,1,2,0
84.17,70.60747924881987,5.3681587492988605,1.076592158099266,69.82272347945323,-15.917008761393143,58.31908042770976,2,0,0
84.37,67.55340842443204,-5.132576497055301,2.1450146746196044,2.062624853704113,-8.87099702474401,59.284018050811014,1,0,0
84.57,47.51035851520926,0.66484837073438,-0.7299054590857706,22.904995376785408,1.9553775756577751,35.492466087701004,1,2,0
84.77,59.71570950954356,-3.500604074695866,-1.6784193346780127,4.599330306225468,3.4910211074314397,5.198935197770749,0,2,0
84.97,56.45375949585147,5.975233144624212,-2.089618388042067,1.0,-7.939669476641822,3.174376537298862,0,1,0
85.17,63.68631557532349,-7.615934523918874,-3.9327131787520035,16.44722056931213,-5.715992518580668,42.33351441531975,1,2,0
85.37,40.35076539419896,-2.7946092363579416,4.112414259880644,10.488456575711329,-20.178737466808094,8.456537809723786,1,1,1
85.57,56.86051459998439,1.8860593753226043,-2.2064167314433663,19.965989226694774,-8.570292008066094,60.68469555401391,0,2,0
85.77,60.58424486849588,7.827620146171702,-0.442507247171544,25.82567271277222,3.9038316351978626,88.09730056396575,2,0,0
85.97,32.41260513576886,-0.328751305364939,-0.5536265997778413,1.3417339876773768,0.7520501610656627,88.29148165187222,2,2,0
86.17,38.16741487334225,-2.775997633465992,0.6148133956182015,3.937561316540444,0.006657213812096607,65.90454101322324,2,0,0
86.37,29.607678222398995,9.40578534720295,1.6314744250785935,24.5369951918474,-4.502263128190399,21.1231831472931,2,0,0
86.57,47.305931655554424,-7.24006950208122,1.7209469767194907,12.609780485731738,-4.929368413718236,86.29968313588721,2,0,0
86.77,57.17542255795962,-10.994029783100409,-1.166154877137877,39.18830515684375,-11.60321139473447,88.60934353132082,2,1,0
86.97,65.02357052096028,2.200072250266662,-0.334243427572823,31.691736637551305,1.9882842020253477,19.66535849529587,2,2,0
87.17,50.74094780419775,-2.510271121763056,0.5651599009765993,56.047106984921044,-0.7902705561061021,73.74260857706773,2,0,0
87.37,66.28615545571292,-5.106164085653566,-0.49738225236709416,35.377705923080924,-0.07981152007200709,28.651954892712293,0,0,0
87.58,36.198985417851084,3.5417822364967666,3.2146911520399852,16.859940258120186,-10.260348426675804,80.26403123529296,2,1,0
87.78,32.96617560644845,1.2190035688559941,0.9819499032765027,33.53079123316845,-26.533429198712444,99.72378999036027,2,2,0
87.98,49.44452301103381,-2.820393153683642,1.469755572099635,9.663285599403878,5.971527117536956,3.0026005329392813,2,2,0
88.18,53.840654489393074,-6.401521993354472,1.3257625373348254,10.972054436429834,-9.78837456008404,89.73658657909318,1,1,0
88.38,49.67305251905907,4.362286641400724,2.34694771497065,46.67480447550952,-13.627757640431206,62.26305335986581,0,1,0
88.58,29.325578999601234,3.251005889793305,0.3620431174074139,17.740443867470262,1.9347891191399373,97.33826191648211,0,2,0
88.78,49.10879960487212,-0.49587931889691456,-2.593663895911693,48.04116690808039,-8.920126399191297,46.50095175264276,0,1,0
88.98,36.95530499495147,9.23318498023833,0.7993759035052832,51.85042302665618,5.599363840466218,84.73879305713737,2,2,0
89.18,56.69672548830039,-5.350423831630763,-1.302713787583658,58.46552496773836,1.1700594957669752,6.239406859827723,2,2,0
89.38,53.66598246096848,-7.627625854623695,-1.0572333634995137,74.5358865297953,1.8356932320047754,33.527905007829574,1,0,0
89.58,40.60120213672645,-3.4595403494062222,1.1727280375101865,16.915466120994278,-18.659557112005345,6.701653775120997,0,0,1
89.78,44.861330826633065,-0.22793008177748902,2.4765661428672714,11.519922724294416,7.119439853864005,97.53431334790706,2,2,0
89.98,39.40786478111048,1.2166972466134591,0.0425431534721233,26.1824828955025,-2.3874946876614396,81.69739072718367,0,2,0
90.18,49.37320902726828,-1.2061802892816493,0.6176660251979276,13.916945489177698,-8.692771392462031,85.25474212459704,1,2,0
90.38,59.551423205012384,1.760276982571484,3.404429889270476,27.5693928322579,-3.5661153265774894,93.79652314338942,1,2,0
90.58,40.14273953664456,-6.25769712095222,0.48150635897713656,36.683036171083835,-22.762352328983198,8.510348611978536,1,2,0
90.78,55.040465155178445,7.2188230203662975,5.20336622836079,34.98153212022262,-0.9134718851932915,38.55975925133334,0,2,0
90.98,44.69742381627559,-0.410755891962844,1.1310192912630883,14.078655127223398,-15.293715081820716,7.103488904400212,2,1,1
91.18,42.07127167737656,5.586479157940638,-3.5215255183116354,5.476614774144491,-18.526702858435343,21.07931015500286,2,2,1
91.38,48.929696400454425,1.7136267318885205,1.506683242209065,16.891440407935832,-20.22359186217891,22.936577703767234,1,1,1
91.58,39.64757677580626,2.2837660957689194,0.7623167697655555,4.6153168495830155,6.126883749899253,46.91072110475787,2,1,0
91.78,44.46350694652818,2.8488364011610194,2.579505508165491,66.244723216112,-11.292633936927887,26.856216745364257,1,2,0
91.98,38.021221074111516,2.2385428000865746,1.3463627025399167,12.733817285218201,10.337277099164993,10.09781068177611,0,2,0
92.18,69.6472513291639,3.2136137993377196,-0.27691196796754763,5.033385105755997,-10.358014630522979,16.749108909410772,1,1,1
92.38,50.35263551971729,6.6457626506621565,-2.4485964725787315,1.0,-22.073579575929468,14.727556355209092,0,1,1
92.59,43.00274492007414,0.9826058485073507,-0.41804651457205055,31.138702740618218,-16.16524439948659,97.30767979122983,1,2,0
92.79,52.13979910734222,3.5450187879425616,-1.7010409084186002,30.3925014899046,7.358116200069386,75.92925069184736,2,2,0
92.99,48.8767195030917,-0.4486784714361336,-1.1610468996094454,12.492938013322247,-6.558981779366675,96.7761465269562,2,1,0
93.19,47.79030400466777,7.2005860772473635,1.1771568088412192,2.232393893288236,-10.48287296490601,43.974048650790856,1,1,0
93.39,56.14166700043425,-3.3819615102963487,3.3398090087028125,15.810118443352387,-3.3998177414721233,27.83684816626566,2,1,0
93.59,57.57507710047305,9.004702164554079,0.7893430596459622,11.1848917658485,0.01782736167545007,79.82931972091866,2,0,0
93.79,44.69498852389472,-0.20078975322171705,-2.3917661240703687,33.914295694761044,6.173988159024608,32.62539180411468,2,1,0
93.99,44.2418175935532,-7.1538755105902405,0.8892053364402814,27.92532738017507,9.484992298929262,29.93833737053483,0,0,0
94.19,47.24948302848356,0.6405220745539464,2.393262973291302,13.604720596766752,-8.597686457890857,23.25059922078312,2,2,0
94.39,26.98078835264415,-3.405258287374404,-1.2195658086387644,7.372894476727448,-18.260476860820383,12.967897822423534,0,2,1
94.59,34.84808937801448,4.20321774494362,-0.2680343333458354,100.0,-9.13465161123276,25.646306101676597,1,1,0
94.79,63.66874267444525,-3.2631198965119546,0.029376389458394186,18.15417817395881,-2.3971949341711385,35.53197484738877,2,2,0
94.99,66.44967713501283,-2.2309171660738984,-1.56979662616448,34.968943155579744,-14.63758926210611,67.39942081457303,2,2,0
95.19,47.50963960443622,-9.447703654727654,1.296560867687718,4.543982462840476,-14.57150914895043,6.256484221945158,2,2,1
95.39,55.765569630557664,-2.2615315962453835,-0.24189629721556313,19.94202246806762,-1.5621211845011458,21.050693966534297,1,2,0
95.59,53.112501545435364,-12.119396633144783,0.8390648878140555,1.0,-5.486523515704511,80.90236402916764,0,0,0
95.79,80.78880808455239,-7.9195141174286166,-1.7749843556042002,21.123521084121062,-4.672030045884135,14.692192358377076,0,0,0
95.99,61.195749114345766,3.802073280721487,-0.8749166006468209,99.74159965536445,-12.584953347000695,34.26451465225215,2,1,0
96.19,48.72082408519233,3.929000793254161,1.4447627156555427,14.54531834384226,-7.304007142057673,86.46589218581401,1,1,0
96.39,40.44459559399574,2.127287808924824,-0.745666304183534,1.193301623243494,-14.242331442683044,15.492531114344265,1,1,1
96.59,33.93553679742428,-4.834880715646065,3.4539277024668102,1.0,3.9019841112478684,8.27368356181899,1,2,0
96.79,52.03463635867223,-0.23855678070989927,-0.7992723712292047,14.730040878902445,5.352493347237527,48.45379950800108,1,2,0
96.99,42.436492547156966,-0.018012695452842023,0.44936945150377183,5.231492215533926,-23.461878622380937,30.24195112785364,1,0,0
97.19,35.77746290402326,-5.791823445962714,1.8651816637461798,1.0,-14.2951086019241,56.34083644838541,0,0,0
97.39,43.534271157574736,7.516991508835753,-2.8367314658660634,42.34388712428731,-19.96529255090079,80.38048904834751,0,1,0
97.6,39.18451996385605,4.386811452878357,-3.5216176239615518,18.40364113361446,-11.500239344068982,13.714848815274316,0,0,1
97.8,66.87141635072564,-1.1048208691483197,-3.0513126291401895,10.242815184880069,-5.834379697903609,58.0699084554285,2,0,0
98.0,58.816397569494505,0.1344291949726539,2.525168206854364,69.1025180796463,-19.496452196985302,50.550876038986395,1,0,0
98.2,49.92027358683383,1.0419140397377624,-1.1037162917848935,3.7036627049359594,-14.218598131253131,14.407878601319958,2,0,1
98.4,64.79944138890026,-10.208674342121453,5.1163985713365046,93.65167644422924,-15.039573720814985,62.39984855289824,1,0,0
98.6,50.77368307647618,-1.2358869126029846,-1.1284951973147772,11.304874064715788,-2.9273267060105606,27.364041786077166,0,1,0
98.8,41.38715798671736,-3.409921239988993,0.36910260639407394,65.78601406704324,-4.3065566296374955,48.78343185440125,2,1,0
99.0,65.23124077269657,-5.008100049474578,3.0842199051357513,27.71025362054317,-12.217375533372532,8.227232427706188,0,0,0
99.2,55.38910043684659,-1.4055014644297745,4.012185776318246,52.58320654129152,-3.2317912786060203,45.958405721362304,1,1,0
99.4,39.62753845673544,8.988432634247612,4.123007153272796,100.0,-10.466800845872655,30.646346804282032,1,2,0
99.6,48.09661321916392,3.2042143063350492,2.416732461186285,10.20740894695835,-7.7165511032605325,82.23812111853543,1,0,0
99.8,41.24381746615243,-2.855894948913984,2.048125051622925,97.43020997878965,11.73452090298537,5.697872699736828,0,2,0
100.0,36.172002690356635,2.862913906780793,1.1850538984023662,14.803419890748655,8.404610517903478,41.860727491832996,1,1,0
